Client Name,Phone
Client 001,9876510001
Client 002,9876510002
Client 003,9876510003
Client 004,9876510004
Client 005,9876510005
Client 006,9876510006
Client 007,9876510007
Client 008,9876510008
Client 009,9876510009
Client 010,9876510010
Client 011,9876510011
Client 012,9876510012
Client 013,9876510013
Client 014,9876510014
Client 015,9876510015
Client 016,9876510016
Client 017,9876510017
Client 018,9876510018
Client 019,9876510019
Client 020,9876510020
Client 021,9876510021
Client 022,9876510022
Client 023,9876510023
Client 024,9876510024
Client 025,9876510025
Client 026,9876510026
Client 027,9876510027
Client 028,9876510028
Client 029,9876510029
Client 030,9876510030
Client 031,9876510031
Client 032,9876510032
Client 033,9876510033
Client 034,9876510034
Client 035,9876510035
Client 036,9876510036
Client 037,9876510037
Client 038,9876510038
Client 039,9876510039
Client 040,9876510040
Client 041,9876510041
Client 042,9876510042
Client 043,9876510043
Client 044,9876510044
Client 045,9876510045
Client 046,9876510046
Client 047,9876510047
Client 048,9876510048
Client 049,9876510049
Client 050,9876510050
Client 051,9876510051
Client 052,9876510052
Client 053,9876510053
Client 054,9876510054
Client 055,9876510055
Client 056,9876510056
Client 057,9876510057
Client 058,9876510058
Client 059,9876510059
Client 060,9876510060
Client 061,9876510061
Client 062,9876510062
Client 063,9876510063
Client 064,9876510064
Client 065,9876510065
Client 066,9876510066
Client 067,9876510067
Client 068,9876510068
Client 069,9876510069
Client 070,9876510070
Client 071,9876510071
Client 072,9876510072
Client 073,9876510073
Client 074,9876510074
Client 075,9876510075
Client 076,9876510076
Client 077,9876510077
Client 078,9876510078
Client 079,9876510079
Client 080,9876510080
Client 081,9876510081
Client 082,9876510082
Client 083,9876510083
Client 084,9876510084
Client 085,9876510085
Client 086,9876510086
Client 087,9876510087
Client 088,9876510088
Client 089,9876510089
Client 090,9876510090
Client 091,9876510091
Client 092,9876510092
Client 093,9876510093
Client 094,9876510094
Client 095,9876510095
Client 096,9876510096
Client 097,9876510097
Client 098,9876510098
Client 099,9876510099
Client 100,9876510100
